{"minStepWidth": 0.55876523454143068, "maxStepWidth": 1.2531366788454916}